,log_realized_volatility
1950-02-28,-3.8687548248462456
1950-03-31,-3.8068750703291654
1950-04-30,-3.6184358500199125
1950-05-31,-3.6200262662549405
1950-06-30,-2.563740446615361
1950-07-31,-2.8634923590451735
1950-08-31,-3.404766386897491
1950-09-30,-3.3545548278761563
1950-10-31,-3.2060747715267666
1950-11-30,-2.969973162102523
1950-12-31,-2.874565679565736
1951-01-31,-3.1786098458294134
1951-02-28,-3.6737523953729267
1951-03-31,-3.418666329983353
1951-04-30,-3.6021466724754845
1951-05-31,-3.274282403523882
1951-06-30,-3.4187320638011465
1951-07-31,-3.3059003536174902
1951-08-31,-3.7507159264619827
1951-09-30,-4.140207786444747
1951-10-31,-3.271905709749394
1951-11-30,-3.539125004624036
1951-12-31,-3.915470000972079
1952-01-31,-3.7318178496620122
1952-02-29,-3.619687108427327
1952-03-31,-3.6797184955022346
1952-04-30,-3.623820724185653
1952-05-31,-3.792183281198736
1952-06-30,-4.023416301755437
1952-07-31,-3.989177210073668
1952-08-31,-4.107927828880875
1952-09-30,-3.879360316768393
1952-10-31,-3.453422340695457
1952-11-30,-3.8657750874963757
1952-12-31,-4.106525676963868
1953-01-31,-3.891378282704692
1953-02-28,-3.2577287435548223
1953-03-31,-3.642084222885134
1953-04-30,-3.3384922815527425
1953-05-31,-3.7569323000701247
1953-06-30,-3.428514516838188
1953-07-31,-3.741147805848139
1953-08-31,-3.662061927844463
1953-09-30,-3.416346242000358
1953-10-31,-3.7375081719032144
1953-11-30,-3.8542049731532155
1953-12-31,-3.907804247373877
1954-01-31,-3.821608712664447
1954-02-28,-4.006725114935483
1954-03-31,-3.9807432742486086
1954-04-30,-3.593482100938108
1954-05-31,-3.837212504770363
1954-06-30,-3.4872410661698514
1954-07-31,-3.7038098677264157
1954-08-31,-3.376705342962938
1954-09-30,-3.62829575046482
1954-10-31,-3.7863514611037714
1954-11-30,-3.36518290576817
1954-12-31,-3.1474068560689314
1955-01-31,-2.9901919561243293
1955-02-28,-3.635918446985632
1955-03-31,-2.997298034621814
1955-04-30,-3.6880734277223692
1955-05-31,-3.624286294513349
1955-06-30,-3.100364505389213
1955-07-31,-3.071491311081329
1955-08-31,-3.3844538216407036
1955-09-30,-2.5526726053480178
1955-10-31,-2.9608432084162857
1955-11-30,-3.1212004580826243
1955-12-31,-3.522306255783268
1956-01-31,-3.3665768477439477
1956-02-29,-3.4005895942332485
1956-03-31,-3.4339077724022595
1956-04-30,-3.5532518861749103
1956-05-31,-3.1516082298214805
1956-06-30,-3.394104455193077
1956-07-31,-3.8030922972155974
1956-08-31,-3.197636272440287
1956-09-30,-3.1812827116173246
1956-10-31,-3.2278751247147315
1956-11-30,-3.1764304182670795
1956-12-31,-3.4651264301928473
1957-01-31,-3.496663754931672
1957-02-28,-3.436710294683646
1957-03-31,-3.9510606153842773
1957-04-30,-4.102150254985756
1957-05-31,-3.801842797138016
1957-06-30,-3.884025608479708
1957-07-31,-3.784661701791111
1957-08-31,-3.068301439858651
1957-09-30,-3.234481206658945
1957-10-31,-2.694690463353906
1957-11-30,-2.8584957575547896
1957-12-31,-3.3340685729073853
1958-01-31,-3.6002933628910827
1958-02-28,-3.618282036724272
1958-03-31,-3.7839342557849975
1958-04-30,-3.6085452133321736
1958-05-31,-3.871829291352429
1958-06-30,-3.6731840843545904
1958-07-31,-3.689226821218941
1958-08-31,-3.7505482437278275
1958-09-30,-3.8485081886114054
1958-10-31,-3.512253790340897
1958-11-30,-3.2894836877747493
1958-12-31,-3.6063991792308707
1959-01-31,-3.7252634301730208
1959-02-28,-3.3858874784190145
1959-03-31,-3.8129157972459558
1959-04-30,-3.8045301303955643
1959-05-31,-3.8010232919804636
1959-06-30,-3.5056140343402573
1959-07-31,-3.8269690960801137
1959-08-31,-3.3844826620026214
1959-09-30,-3.1861581487053225
1959-10-31,-3.701626858234241
1959-11-30,-3.8012751565629714
1959-12-31,-4.051718140558733
1960-01-31,-3.491442984515648
1960-02-29,-3.3844630234444293
1960-03-31,-3.489292569393884
1960-04-30,-3.5012225289567818
1960-05-31,-3.907325660677735
1960-06-30,-3.7967637446429405
1960-07-31,-3.4818518314670412
1960-08-31,-3.6718173723119105
1960-09-30,-3.1711360705457823
1960-10-31,-3.347905102760822
1960-11-30,-3.5062636484870615
1960-12-31,-3.867026286340609
1961-01-31,-3.633137866242822
1961-02-28,-3.76414342917058
1961-03-31,-3.753249350150313
1961-04-30,-2.837736565151115
1961-05-31,-3.9071598789008046
1961-06-30,-3.393317931294497
1961-07-31,-3.690617599678314
1961-08-31,-3.9141456871301163
1961-09-30,-3.3642842846305587
1961-10-31,-3.69685158571498
1961-11-30,-3.957218452970506
1961-12-31,-3.9769976996383782
1962-01-31,-3.5576957887097485
1962-02-28,-4.123536513265987
1962-03-31,-4.089849473927842
1962-04-30,-3.4730191608755425
1962-05-31,-2.29964016941279
1962-06-30,-2.553977704869449
1962-07-31,-3.156997345330227
1962-08-31,-3.5653735831193725
1962-09-30,-3.3668458111873494
1962-10-31,-2.8372870640169143
1962-11-30,-3.337086202892041
1962-12-31,-3.694741659493467
1963-01-31,-3.636395084140157
1963-02-28,-3.918903412410939
1963-03-31,-3.967198272519087
1963-04-30,-4.023042667006338
1963-05-31,-4.050793188944369
1963-06-30,-4.1263344394606385
1963-07-31,-3.7718331661352447
1963-08-31,-4.015006036879166
1963-09-30,-4.007386949963954
1963-10-31,-3.716535641766667
1963-11-30,-2.8925792524782294
1963-12-31,-4.103355805070679
1964-01-31,-4.3030988707074345
1964-02-29,-4.7722718186046515
1964-03-31,-4.537507688326682
1964-04-30,-4.137606446081564
1964-05-31,-4.131480861582728
1964-06-30,-3.9140395660676326
1964-07-31,-4.262643487630932
1964-08-31,-3.8776794153909564
1964-09-30,-4.339991306766536
1964-10-31,-4.29252077438533
1964-11-30,-4.226116351162077
1964-12-31,-3.975957226064978
1965-01-31,-4.352993054412283
1965-02-28,-3.9189693695183987
1965-03-31,-4.419392425887981
1965-04-30,-4.36390817984369
1965-05-31,-4.001862116880554
1965-06-30,-3.089441642860967
1965-07-31,-3.778830115733441
1965-08-31,-4.570167257642479
1965-09-30,-4.058913862181223
1965-10-31,-4.290413433445039
1965-11-30,-4.430934949112919
1965-12-31,-4.053593766014013
1966-01-31,-4.396747519336796
1966-02-28,-4.0047048689422775
1966-03-31,-3.48649172620957
1966-04-30,-3.978811170669674
1966-05-31,-3.1207340233236986
1966-06-30,-3.7989430970940097
1966-07-31,-3.4451035957280416
1966-08-31,-2.8734096844599666
1966-09-30,-3.220856494536501
1966-10-31,-2.99077319692205
1966-11-30,-3.5806878395837987
1966-12-31,-3.687890310856612
1967-01-31,-3.6126283954543155
1967-02-28,-3.888595082087847
1967-03-31,-3.802688601294203
1967-04-30,-3.5431979667979636
1967-05-31,-3.5085888036727533
1967-06-30,-3.422268975618064
1967-07-31,-4.03955811955172
1967-08-31,-4.061154239394917
1967-09-30,-3.968579127123454
1967-10-31,-3.7019242412995226
1967-11-30,-3.545120057400798
1967-12-31,-4.108881215741858
1968-01-31,-3.8146708688758775
1968-02-29,-3.5203248102364406
1968-03-31,-3.286941179622932
1968-04-30,-3.1777415276218073
1968-05-31,-3.9144310493828725
1968-06-30,-3.586654299470547
1968-07-31,-3.591859676589926
1968-08-31,-4.030938305717702
1968-09-30,-4.113979522931659
1968-10-31,-4.111298453056573
1968-11-30,-4.124260136639631
1968-12-31,-3.99865262339202
1969-01-31,-3.708082701938705
1969-02-28,-3.70847959842718
1969-03-31,-3.76144629298688
1969-04-30,-3.7528626151165705
1969-05-31,-3.8782659348219677
1969-06-30,-3.5893120910574052
1969-07-31,-3.0287543198879687
1969-08-31,-3.4993940045368808
1969-09-30,-3.502824526088856
1969-10-31,-3.6001385874923675
1969-11-30,-3.789213861627528
1969-12-31,-3.396460415110394
1970-01-31,-3.393961909990432
1970-02-28,-3.4292038315877287
1970-03-31,-3.476134738076616
1970-04-30,-3.2117881442407397
1970-05-31,-2.4096309143042474
1970-06-30,-2.9621082458497314
1970-07-31,-3.084972539294988
1970-08-31,-3.1535465438541097
1970-09-30,-3.4301308683120606
1970-10-31,-3.4328873611671846
1970-11-30,-3.5007556295497295
1970-12-31,-3.769755143420062
1971-01-31,-3.76148040822008
1971-02-28,-3.8465240685868154
1971-03-31,-3.811396765066991
1971-04-30,-4.0290737630237565
1971-05-31,-3.758237330105044
1971-06-30,-3.538078077521237
1971-07-31,-3.6842945426813247
1971-08-31,-3.0118286815331246
1971-09-30,-3.7782361636229376
1971-10-31,-3.657239429737742
1971-11-30,-3.1439913952214535
1971-12-31,-3.3860304620696295
1972-01-31,-3.814563386749317
1972-02-29,-4.084526589194555
1972-03-31,-3.7565822762068244
1972-04-30,-3.924939335550374
1972-05-31,-3.5845731275739845
1972-06-30,-3.9562612932849563
1972-07-31,-3.7144206202600474
1972-08-31,-3.7146042709218263
1972-09-30,-3.8248093208018585
1972-10-31,-3.5306134288775564
1972-11-30,-3.81499432684312
1972-12-31,-3.783223901777989
1973-01-31,-3.78327783968384
1973-02-28,-3.334939378727406
1973-03-31,-3.2321998014173934
1973-04-30,-3.2429492917029323
1973-05-31,-2.893544020680286
1973-06-30,-3.068118063591378
1973-07-31,-3.145071698137291
1973-08-31,-3.4070532956957664
1973-09-30,-3.4928851304433044
1973-10-31,-3.305570972406948
1973-11-30,-2.7090421214099845
1973-12-31,-2.6176517458947837
1974-01-31,-2.8384321729245268
1974-02-28,-3.136290128405137
1974-03-31,-3.189072800451725
1974-04-30,-3.177691821334002
1974-05-31,-3.0829959376713276
1974-06-30,-3.038831026922051
1974-07-31,-2.6579501853653116
1974-08-31,-2.6712372912167752
1974-09-30,-2.42408785083193
1974-10-31,-2.3104479518574754
1974-11-30,-2.8191854029331265
1974-12-31,-2.783854485191911
1975-01-31,-2.766448801262045
1975-02-28,-3.064635438817896
1975-03-31,-3.0437284814223005
1975-04-30,-3.0392543157132597
1975-05-31,-3.1595074500009908
1975-06-30,-3.3057188481750948
1975-07-31,-3.3425261595455256
1975-08-31,-3.0278744909717537
1975-09-30,-3.0372939259322425
1975-10-31,-3.0745569189091184
1975-11-30,-3.5592347516904876
1975-12-31,-3.3072363548984627
1976-01-31,-3.1186652855291426
1976-02-29,-3.3543892033223957
1976-03-31,-3.33633295025962
1976-04-30,-3.451178590663675
1976-05-31,-3.4843996311214593
1976-06-30,-3.47181638819191
1976-07-31,-3.8139046645420382
1976-08-31,-3.600951004087441
1976-09-30,-3.5156939082795127
1976-10-31,-3.333921282519819
1976-11-30,-3.396370871590845
1976-12-31,-3.732145368220469
1977-01-31,-3.6319962303867785
1977-02-28,-3.9995761596935937
1977-03-31,-3.6563449962007586
1977-04-30,-3.460555171599222
1977-05-31,-3.6782391211966083
1977-06-30,-3.7425240274364806
1977-07-31,-3.710361348752814
1977-08-31,-3.722987916129612
1977-09-30,-3.8374377844147607
1977-10-31,-3.612916979372843
1977-11-30,-3.2919069231902927
1977-12-31,-3.68586403698939
1978-01-31,-3.4985540796169246
1978-02-28,-3.6536771596809565
1978-03-31,-3.6914566600079457
1978-04-30,-3.1819337717076555
1978-05-31,-3.413542535234786
1978-06-30,-3.440848933142854
1978-07-31,-3.538119390226186
1978-08-31,-3.4571115542751856
1978-09-30,-3.480079036757332
1978-10-31,-3.0764989281355355
1978-11-30,-2.883057072297967
1978-12-31,-3.2002541351047826
1979-01-31,-3.4540963067188266
1979-02-28,-3.552242016712537
1979-03-31,-3.569320481575184
1979-04-30,-3.6730649968097033
1979-05-31,-3.4917011783905663
1979-06-30,-3.736752624533908
1979-07-31,-3.6277259312730084
1979-08-31,-3.798155461846417
1979-09-30,-3.3499674436926568
1979-10-31,-2.9720939280763568
1979-11-30,-3.237063912973616
1979-12-31,-3.833439412005487
1980-01-31,-3.1336523312362643
1980-02-29,-3.1330838391464617
1980-03-31,-2.6827225218098274
1980-04-30,-2.957332986963578
1980-05-31,-3.2487399357255664
1980-06-30,-3.298027535535717
1980-07-31,-3.304129413540037
1980-08-31,-3.1865042093477793
1980-09-30,-2.9646590106084063
1980-10-31,-3.062242034767034
1980-11-30,-3.0175364036767682
1980-12-31,-2.907681143191806
1981-01-31,-3.213225185711366
1981-02-28,-3.238694482961729
1981-03-31,-3.0942438693308754
1981-04-30,-3.544265769999846
1981-05-31,-3.4922962547805483
1981-06-30,-3.455030444235058
1981-07-31,-3.403401805692542
1981-08-31,-3.145416801671252
1981-09-30,-2.9450187245856405
1981-10-31,-3.093521723455992
1981-11-30,-3.252543372510464
1981-12-31,-3.4998484086341786
1982-01-31,-2.990606171758179
1982-02-28,-3.122550420673141
1982-03-31,-3.1610952403267656
1982-04-30,-3.347204296987733
1982-05-31,-3.530381458886495
1982-06-30,-3.2550862199117576
1982-07-31,-3.4745465499593706
1982-08-31,-2.5388082418905857
1982-09-30,-3.079123699765454
1982-10-31,-2.5493729125915907
1982-11-30,-2.6107486255025423
1982-12-31,-2.999854393120739
1983-01-31,-2.859954740440419
1983-02-28,-3.1311539784869145
1983-03-31,-3.23035297742465
1983-04-30,-3.281388716367181
1983-05-31,-3.410737184642772
1983-06-30,-3.300042091902946
1983-07-31,-3.0350088509813196
1983-08-31,-3.295996575030098
1983-09-30,-3.4303329656409773
1983-10-31,-3.398311687625518
1983-11-30,-3.546057095704139
1983-12-31,-3.7704984171188642
1984-01-31,-3.5720475974138175
1984-02-29,-3.1004451496103296
1984-03-31,-3.303367144797822
1984-04-30,-3.4373724878870227
1984-05-31,-3.485258740772587
1984-06-30,-3.19882006836337
1984-07-31,-3.5241184848255283
1984-08-31,-2.8941894312744583
1984-09-30,-3.485673490691174
1984-10-31,-3.3317246257656725
1984-11-30,-3.4430927123767385
1984-12-31,-3.3754045061623463
1985-01-31,-3.215211500599277
1985-02-28,-3.604282876070616
1985-03-31,-3.56512512878433
1985-04-30,-3.8413496358333705
1985-05-31,-3.548211805490497
1985-06-30,-3.6049430389933543
1985-07-31,-3.617293933863269
1985-08-31,-3.683112610633314
1985-09-30,-3.5247593390501017
1985-10-31,-3.5041223410001954
1985-11-30,-3.48955439636801
1985-12-31,-3.3538809535756866
1986-01-31,-3.123630336586438
1986-02-28,-3.414580101780291
1986-03-31,-3.3000225870648436
1986-04-30,-3.0033514699819923
1986-05-31,-3.3010199302802605
1986-06-30,-3.218319741676011
1986-07-31,-3.0034801713161263
1986-08-31,-3.344467326729359
1986-09-30,-2.7197549858858605
1986-10-31,-3.4621750320813427
1986-11-30,-3.1763419085852718
1986-12-31,-3.3393123194007273
1987-01-31,-3.0073927920680883
1987-02-28,-3.2857050887850754
1987-03-31,-3.113146592897446
1987-04-30,-2.7356327345298252
1987-05-31,-2.9971641098083577
1987-06-30,-3.422810845850884
1987-07-31,-3.5564285249309204
1987-08-31,-3.1689400389363187
1987-09-30,-2.9909650658349376
1987-10-31,-1.2543188032019443
1987-11-30,-2.489326627524044
1987-12-31,-2.4920558916785613
1988-01-31,-2.3323267255578357
1988-02-29,-3.120546225391249
1988-03-31,-3.1944159974378676
1988-04-30,-2.8237741714562885
1988-05-31,-2.99064463163801
1988-06-30,-3.027513589604503
1988-07-31,-3.1323163986969114
1988-08-31,-3.2862724368276846
1988-09-30,-3.3718149075607826
1988-10-31,-3.213152467653184
1988-11-30,-3.2993673164314044
1988-12-31,-3.6900018580380585
1989-01-31,-3.4760591319136487
1989-02-28,-3.368325117724935
1989-03-31,-3.3249536179540646
1989-04-30,-3.4813398198700356
1989-05-31,-3.4239243142519395
1989-06-30,-3.274299901076747
1989-07-31,-3.4489786652171146
1989-08-31,-3.295289279136077
1989-09-30,-3.751809508135756
1989-10-31,-2.5717827530599657
1989-11-30,-3.5373503512440063
1989-12-31,-3.488725487454285
1990-01-31,-2.9182628665232206
1990-02-28,-3.449987850601402
1990-03-31,-3.4397649722891037
1990-04-30,-3.469363682270153
1990-05-31,-3.3068475477802957
1990-06-30,-3.301701092433896
1990-07-31,-3.321308385336174
1990-08-31,-2.567456261521182
1990-09-30,-3.107379519372654
1990-10-31,-2.7040882369518746
1990-11-30,-3.011263613494124
1990-12-31,-3.571268598870245
1991-01-31,-2.881000937948437
1991-02-28,-3.015432082416089
1991-03-31,-3.2989852257688224
1991-04-30,-3.091341488223916
1991-05-31,-3.222562808759487
1991-06-30,-3.3677127932687934
1991-07-31,-3.4075129991886266
1991-08-31,-3.101590553261469
1991-09-30,-3.8240380823200577
1991-10-31,-3.3966420842712814
1991-11-30,-3.082441934171034
1991-12-31,-3.1037978956797536
1992-01-31,-3.523370948026475
1992-02-29,-3.5002957803659425
1992-03-31,-3.82948976606589
1992-04-30,-3.2007046132022343
1992-05-31,-3.6407202208012586
1992-06-30,-3.5943505831298914
1992-07-31,-3.5107674589891764
1992-08-31,-3.9494751067100653
1992-09-30,-3.5215716155161227
1992-10-31,-3.481746314081465
1992-11-30,-3.7944691765074157
1992-12-31,-3.83320520582516
1993-01-31,-3.980998164618454
1993-02-28,-3.380869617058072
1993-03-31,-3.455977414948324
1993-04-30,-3.4488521300889285
1993-05-31,-3.5564559214720637
1993-06-30,-3.7315327102735236
1993-07-31,-3.7023014124287763
1993-08-31,-4.090398068166424
1993-09-30,-3.8314281738070255
1993-10-31,-4.036115437812761
1993-11-30,-3.7269719984232985
1993-12-31,-4.109871356852518
1994-01-31,-3.8864100631744125
1994-02-28,-3.433896469471771
1994-03-31,-3.505634071405016
1994-04-30,-3.298720493185182
1994-05-31,-3.597182512377383
1994-06-30,-3.564491752113399
1994-07-31,-4.01471696163539
1994-08-31,-3.747813582366204
1994-09-30,-3.561281427894718
1994-10-31,-3.3824061762059605
1994-11-30,-3.538724200172639
1994-12-31,-3.628195541952271
1995-01-31,-4.075796325414653
1995-02-28,-3.8383498640395466
1995-03-31,-3.8200410057516883
1995-04-30,-4.13546899869903
1995-05-31,-3.45115420919402
1995-06-30,-3.6366039900584517
1995-07-31,-3.583415964063745
1995-08-31,-4.243028769191813
1995-09-30,-3.938490358881236
1995-10-31,-3.8125023577448567
1995-11-30,-3.7589245658214274
1995-12-31,-3.551270298579951
1996-01-31,-3.290732173257441
1996-02-29,-3.336562179654715
1996-03-31,-3.1699778731710526
1996-04-30,-3.4607626891156853
1996-05-31,-3.394992190238016
1996-06-30,-3.9195683733371944
1996-07-31,-3.019444505973428
1996-08-31,-3.4005103537784227
1996-09-30,-3.6458299608030784
1996-10-31,-3.7069127983840042
1996-11-30,-3.6345152552664124
1996-12-31,-3.185392056707818
1997-01-31,-3.303447354969991
1997-02-28,-3.2609902464444933
1997-03-31,-3.1014183806481874
1997-04-30,-2.905513083076491
1997-05-31,-3.108917358237769
1997-06-30,-3.11567956836083
1997-07-31,-3.108404730970603
1997-08-31,-2.9979989402542384
1997-09-30,-2.9805233450013167
1997-10-31,-2.3238652771202104
1997-11-30,-2.9677794244666234
1997-12-31,-3.0514972683227777
1998-01-31,-2.9988098774931724
1998-02-28,-3.4342451514940397
1998-03-31,-3.3950363195710853
1998-04-30,-3.213405199618378
1998-05-31,-3.473595749393068
1998-06-30,-3.0846318707880536
1998-07-31,-3.0497952329188918
1998-08-31,-2.314262503723685
1998-09-30,-2.3129763371118237
1998-10-31,-2.638868495322673
1998-11-30,-3.1231521925257173
1998-12-31,-2.861458148768764
1999-01-31,-2.8546598491125996
1999-02-28,-2.8306547199882983
1999-03-31,-2.8717218927726718
1999-04-30,-2.9550032409961746
1999-05-31,-2.887577066408102
1999-06-30,-3.019101262588309
1999-07-31,-3.210150968585418
1999-08-31,-2.9534789867089692
1999-09-30,-2.9564823177564232
1999-10-31,-2.665545037690063
1999-11-30,-3.3039253672881657
1999-12-31,-3.3886651528904435
2000-01-31,-2.6226733886036615
2000-02-29,-2.897488125745266
2000-03-31,-2.5146977651301303
2000-04-30,-2.4094082379010313
2000-05-31,-2.6326446322660946
2000-06-30,-3.0278251725128413
2000-07-31,-3.088181553822785
2000-08-31,-3.438073668437876
2000-09-30,-3.2193963619434802
2000-10-31,-2.5991038256087786
2000-11-30,-2.856818877598984
2000-12-31,-2.622696626640191
2001-01-31,-2.664225690247018
2001-02-28,-2.9853721170174463
2001-03-31,-2.462501150398544
2001-04-30,-2.459030693452129
2001-05-31,-2.9922247396924284
2001-06-30,-3.246919804266744
2001-07-31,-2.9201817277563444
2001-08-31,-3.0514884107311104
2001-09-30,-2.4611074485824003
2001-10-31,-2.865267366339262
2001-11-30,-3.0669535317160372
2001-12-31,-3.1617731076036564
2002-01-31,-3.057999661864153
2002-02-28,-2.9799350071903916
2002-03-31,-3.10739363963361
2002-04-30,-3.0313070929650197
2002-05-31,-2.7538487761487103
2002-06-30,-2.7963899311292977
2002-07-31,-2.093671764421958
2002-08-31,-2.3349652503107428
2002-09-30,-2.4457724947083546
2002-10-31,-2.238148587459012
2002-11-30,-2.710705924175827
2002-12-31,-2.966939749810607
2003-01-31,-2.6330623630544365
2003-02-28,-2.984074575300045
2003-03-31,-2.5487601885345423
2003-04-30,-2.9002583606826637
2003-05-31,-3.054018052228417
2003-06-30,-3.1099359128331163
2003-07-31,-3.097780080301474
2003-08-31,-3.468517511759465
2003-09-30,-3.140232437438156
2003-10-31,-3.2870041546527653
2003-11-30,-3.4985470857007
2003-12-31,-3.513401310816597
2004-01-31,-3.4650613410497333
2004-02-29,-3.7030672085876466
2004-03-31,-3.1111763767700684
2004-04-30,-3.3476570468612863
2004-05-31,-3.465504072923295
2004-06-30,-3.585854204402475
2004-07-31,-3.5773152908117
2004-08-31,-3.269520662177099
2004-09-30,-3.627296825125463
2004-10-31,-3.35206685176624
2004-11-30,-3.5343348563403656
2004-12-31,-3.6150113932423364
2005-01-31,-3.5506041899092327
2005-02-28,-3.543820432764916
2005-03-31,-3.529146541570014
2005-04-30,-3.152720424000165
2005-05-31,-3.531069871409308
2005-06-30,-3.760011284416737
2005-07-31,-3.6707723008918243
2005-08-31,-3.63388825571129
2005-09-30,-3.6631012230129896
2005-10-31,-3.1557527692250877
2005-11-30,-3.763850153418103
2005-12-31,-3.873253742668005
2006-01-31,-3.4661978775292708
2006-02-28,-3.670294829123373
2006-03-31,-3.7601645367414083
2006-04-30,-3.7197949446689256
2006-05-31,-3.2999604149500312
2006-06-30,-3.085582461863455
2006-07-31,-3.2709844618608197
2006-08-31,-3.8405365199338846
2006-09-30,-3.783882481202963
2006-10-31,-3.8554878543326674
2006-11-30,-3.716627101662895
2006-12-31,-3.9701695128147905
2007-01-31,-3.8522491840295054
2007-02-28,-3.2447480356532115
2007-03-31,-3.222494860521297
2007-04-30,-3.72874609229336
2007-05-31,-3.6341144694358256
2007-06-30,-3.258361421759635
2007-07-31,-3.0061550064305833
2007-08-31,-2.633783081660371
2007-09-30,-3.1472509000198614
2007-10-31,-3.190739924075637
2007-11-30,-2.5877190247655277
2007-12-31,-3.02436059658321
2008-01-31,-2.661249374022387
2008-02-29,-2.8603506881048415
2008-03-31,-2.538344113377069
2008-04-30,-2.9300382779186895
2008-05-31,-3.204756024564677
2008-06-30,-2.8296817644581433
2008-07-31,-2.705460207716502
2008-08-31,-2.837812391125573
2008-09-30,-1.8529192183645744
2008-10-31,-1.4297161320393708
2008-11-30,-1.6563160121061842
2008-12-31,-1.9407740098745199
2009-01-31,-2.2065267536613185
2009-02-28,-2.29462394539225
2009-03-31,-1.9582508837470345
2009-04-30,-2.443587835277547
2009-05-31,-2.5321700284042636
2009-06-30,-2.8287513462734335
2009-07-31,-2.793345786712595
2009-08-31,-3.0644616714098785
2009-09-30,-3.130025280604083
2009-10-31,-2.7700971285615434
2009-11-30,-3.1107964455907346
2009-12-31,-3.4880632358514134
2010-01-31,-3.1051107340740476
2010-02-28,-3.0178391591893847
2010-03-31,-3.6861498116127502
2010-04-30,-3.157180799896046
2010-05-31,-2.407193011304442
2010-06-30,-2.5901316849494713
2010-07-31,-2.852932567849959
2010-08-31,-2.95304166400928
2010-09-30,-3.038118590021741
2010-10-31,-3.418407956833649
2010-11-30,-3.1787815912351842
2010-12-31,-3.553444149972958
2011-01-31,-3.5254625792369607
2011-02-28,-3.421017028944507
2011-03-31,-3.025656727253535
2011-04-30,-3.6813619979803685
2011-05-31,-3.4864984354795028
2011-06-30,-3.0353184736868135
2011-07-31,-3.1500524848844633
2011-08-31,-1.9665046707257416
2011-09-30,-2.4813062796527223
2011-10-31,-2.457655436729706
2011-11-30,-2.4359863431041875
2011-12-31,-2.9483163558607832
2012-01-31,-3.675354926367407
2012-02-29,-3.6938984477186816
2012-03-31,-3.3843465262657215
2012-04-30,-3.210146241345559
2012-05-31,-3.2497545069314557
2012-06-30,-2.836661528791819
2012-07-31,-3.2378719180591355
2012-08-31,-3.616681715429927
2012-09-30,-3.4378098591980444
2012-10-31,-3.48886940721639
2012-11-30,-3.130457558392097
2012-12-31,-3.438879816972799
2013-01-31,-3.512274326083625
2013-02-28,-3.3434701265797875
2013-03-31,-3.8179084623195907
2013-04-30,-3.1908617892956195
2013-05-31,-3.446126454815234
2013-06-30,-3.0453169802170232
2013-07-31,-3.802623427578242
2013-08-31,-3.4765909912871975
2013-09-30,-3.6937395473295953
2013-10-31,-3.276020052394718
2013-11-30,-3.6747290764851526
2013-12-31,-3.6040416781045184
2014-01-31,-3.3171375685353466
2014-02-28,-3.3386797926341574
2014-03-31,-3.525657862709205
2014-04-30,-3.2955126404999024
2014-05-31,-3.7483017283266418
2014-06-30,-4.087403595110627
2014-07-31,-3.4754874909402718
2014-08-31,-3.758175341489735
2014-09-30,-3.6148214505759886
2014-10-31,-2.9141171757759734
2014-11-30,-4.403441476450015
2014-12-31,-3.111828651063935
2015-01-31,-3.053119584061196
2015-02-28,-3.562245097331633
2015-03-31,-3.181612963632316
2015-04-30,-3.7301577097521137
2015-05-31,-3.515261724921692
2015-06-30,-3.4246395604529183
2015-07-31,-3.3798343245339058
2015-08-31,-2.5677025793447763
2015-09-30,-2.7509836865610584
2015-10-31,-3.2192591029627375
2015-11-30,-3.399480401007644
2015-12-31,-2.9313513610844177
2016-01-31,-2.721796067769684
2016-02-29,-2.975885937336674
2016-03-31,-3.3396579653309333
2016-04-30,-3.5543031478531373
2016-05-31,-3.457732751318138
2016-06-30,-2.9208097471793346
2016-07-31,-3.82748206452236
2016-08-31,-4.092448513398336
2016-09-30,-3.1925515858927214
2016-10-31,-3.9566514163288296
2016-11-30,-3.487974422258749
2016-12-31,-3.7787223692336043
2017-01-31,-4.001828361753411
2017-02-28,-4.204700139152802
2017-03-31,-3.7314192152872128
2017-04-30,-3.926652018374449
2017-05-31,-3.7920847378875453
2017-06-30,-3.856214910874562
2017-07-31,-4.129870024958818
2017-08-31,-3.5924378123925567
2017-09-30,-4.134666486968067
2017-10-31,-4.216826264874244
2017-11-30,-3.974205538921206
2017-12-31,-4.1605958145165705
